epoch,accuracy,learning_rate,loss,val_accuracy,val_loss
0,0.6064814925193787,0.0010000000474974513,0.964029848575592,0.3541666567325592,3.7246694564819336
1,0.5625,0.0010000000474974513,1.4105374813079834,0.4270833432674408,3.4145472049713135
2,0.7569444179534912,0.0010000000474974513,0.6237056255340576,0.5729166865348816,3.043013334274292
3,0.75,0.0010000000474974513,0.7043001651763916,0.5416666865348816,3.3413074016571045
4,0.8865740895271301,0.0010000000474974513,0.3194301426410675,0.6145833134651184,3.96140456199646
5,0.875,0.0010000000474974513,0.21797946095466614,0.5729166865348816,4.1686320304870605
6,0.9236111044883728,0.00020000000949949026,0.22390805184841156,0.5520833134651184,4.530848979949951
7,0.9375,0.00020000000949949026,0.17884084582328796,0.5520833134651184,4.306029796600342
