epoch,accuracy,learning_rate,loss,val_accuracy,val_loss
0,0.3458646535873413,0.0010000000474974513,1.8738001585006714,0.46875,1.810455322265625
1,0.65625,0.0010000000474974513,0.9868705868721008,0.5625,1.6470930576324463
2,0.7481203079223633,0.0010000000474974513,0.79085373878479,0.5,2.0897562503814697
3,0.8125,0.0010000000474974513,0.6953571438789368,0.578125,2.2717201709747314
4,0.8458646535873413,0.0010000000474974513,0.3950074017047882,0.546875,2.885446548461914
5,0.8125,0.00020000000949949026,0.784004807472229,0.546875,2.6849186420440674
6,0.8759398460388184,0.00020000000949949026,0.3047763407230377,0.578125,2.5996885299682617
